timestamp,ticker,action,quantity,price,trader_id
2026-01-02 20:11:11,META,BUY,100,282.59,T005
2026-01-01 13:05:55,NFLX,BUY,50,525.34,T014
2026-01-01 18:16:32,AMZN,SELL,150,187.31,T004
2026-01-03 07:40:12,INTC,BUY,50,34.99,T002
2026-01-02 08:03:59,GOOGL,BUY,100,127.85,T019
2026-01-03 07:52:52,META,SELL,250,236.6,T004
2026-01-02 22:09:59,AMD,BUY,150,100.68,T016
2026-01-02 16:46:12,META,SELL,200,279.85,T010
2026-01-02 16:21:28,AMD,BUY,150,108.54,T015
2026-01-01 23:33:41,NVDA,SELL,200,496.17,T018
2026-01-03 07:58:57,META,BUY,200,234.41,T001
2026-01-02 13:37:48,NVDA,SELL,100,465.64,T011
2026-01-02 23:20:36,AAPL,BUY,200,165.77,T011
2026-01-03 12:37:09,NFLX,SELL,50,580.36,T010
2026-01-02 00:34:05,GOOGL,BUY,150,112.11,T016
2026-01-03 05:53:30,INTC,SELL,150,38.38,T008
2026-01-01 23:09:20,NFLX,BUY,50,590.63,T007
2026-01-03 05:40:35,AMZN,SELL,250,178.0,T015
2026-01-02 06:19:52,AMD,BUY,200,129.64,T015
2026-01-01 23:05:12,TSLA,SELL,100,248.03,T014
2026-01-02 06:34:57,META,SELL,100,289.51,T004
2026-01-03 08:42:46,AAPL,SELL,500,179.77,T016
2026-01-02 15:27:20,META,BUY,100,207.04,T019
2026-01-02 14:35:01,INTC,SELL,50,35.85,T012
2026-01-03 06:52:11,GOOGL,BUY,250,134.35,T005
2026-01-01 13:14:22,INTC,SELL,150,41.14,T012
2026-01-03 01:13:16,GOOGL,BUY,150,135.73,T017
2026-01-01 16:55:18,META,SELL,100,284.22,T016
2026-01-03 04:29:00,META,BUY,250,275.86,T015
2026-01-03 13:01:08,TSLA,SELL,150,233.78,T006
2026-01-02 04:00:14,INTC,SELL,500,40.17,
2026-01-02 12:54:34,AMD,SELL,500,109.39,T004
2026-01-03 07:44:54,META,SELL,250,212.97,T019
2026-01-02 18:08:59,INTC,BUY,150,35.41,T005
2026-01-03 08:29:58,NVDA,SELL,500,457.51,T017
2026-01-02 04:46:54,GOOGL,SELL,150,128.43,T015
2026-01-02 12:44:54,AAPL,SELL,50,183.21,T002
2026-01-03 11:01:02,NFLX,SELL,250,537.41,T006
2026-01-02 13:21:33,INTC,SELL,150,32.57,T020
2026-01-02 10:57:52,NFLX,SELL,100,558.77,T015
2026-01-01 20:50:28,MSFT,BUY,250,392.37,T005
2026-01-02 05:47:57,NVDA,BUY,100,469.14,T019
2026-01-03 04:05:24,NFLX,SELL,50,501.24,T019
2026-01-02 05:33:18,NVDA,BUY,150,405.64,T012
2026-01-02 20:13:54,AMD,SELL,500,136.68,T005
2026-01-02 07:51:19,AMZN,SELL,200,164.89,T005
2026-01-01 22:08:09,TSLA,SELL,200,282.31,T014
2026-01-03 13:59:02,NVDA,SELL,50,435.64,T015
2026-01-02 16:20:53,INTC,BUY,200,32.86,T005
2026-01-01 13:23:59,NFLX,BUY,150,515.8,T006
2026-01-03 05:25:46,GOOGL,BUY,500,119.97,T012
2026-01-02 11:36:39,NFLX,SELL,200,552.17,T005
2026-01-03 02:36:34,NVDA,SELL,100,409.07,T005
2026-01-02 11:00:30,INTC,SELL,100,46.52,T004
2026-01-03 03:05:43,NFLX,SELL,50,518.68,T020
2026-01-02 21:12:27,AMZN,BUY,250,190.23,T009
2026-01-02 19:36:57,INTC,BUY,200,36.34,T012
2026-01-02 23:51:14,AMD,BUY,100,107.28,T015
2026-01-01 18:46:34,MSFT,BUY,100,332.04,T005
2026-01-03 15:46:56,AAPL,BUY,100,165.5,T005
2026-01-02 21:36:16,AAPL,BUY,150,184.82,T005
2026-01-02 04:00:20,AMZN,SELL,150,194.32,T004
2026-01-03 04:06:39,META,BUY,100,272.77,T006
2026-01-03 00:01:40,AAPL,SELL,200,167.76,T016
2026-01-01 17:46:14,NFLX,BUY,250,533.07,T009
2026-01-02 00:54:11,AAPL,BUY,100,193.14,T014
2026-01-01 11:22:56,NFLX,BUY,50,567.0,T009
2026-01-01 16:11:57,MSFT,BUY,100,305.21,T017
2026-01-02 07:55:07,NFLX,BUY,50,567.09,T010
2026-01-02 19:44:25,TSLA,SELL,250,258.09,T014
2026-01-03 04:01:18,AAPL,SELL,150,150.77,T013
2026-01-03 04:35:23,MSFT,BUY,500,397.36,T011
2026-01-02 23:26:43,MSFT,SELL,50,359.32,T017
2026-01-02 05:58:38,NVDA,BUY,250,481.29,T007
2026-01-03 07:51:55,AMZN,SELL,250,168.61,T003
2026-01-02 02:06:45,AAPL,SELL,200,171.3,T012
2026-01-02 08:50:21,NFLX,BUY,150,510.42,T017
2026-01-03 03:34:43,MSFT,SELL,150,386.1,T015
2026-01-01 11:47:48,GOOGL,SELL,500,100.21,T011
2026-01-02 21:17:54,INTC,BUY,500,27.87,T012
2026-01-01 22:57:19,AMD,BUY,50,146.82,T019
2026-01-03 10:33:51,NVDA,SELL,500,483.35,T008
2026-01-01 17:39:55,NFLX,SELL,150,527.47,T005
2026-01-01 20:36:35,AMD,SELL,50,135.25,T017
2026-01-02 21:53:20,AMZN,SELL,200,150.66,T002
2026-01-02 07:10:54,TSLA,BUY,50,243.97,T006
2026-01-01 16:33:43,AMD,SELL,200,138.19,T004
2026-01-02 14:06:44,NVDA,SELL,50,442.92,T020
2026-01-03 05:15:13,NVDA,BUY,100,415.73,T008
2026-01-02 05:25:44,INTC,BUY,250,22.58,T004
2026-01-02 16:21:16,AMD,SELL,50,126.58,T008
2026-01-01 15:45:08,INTC,SELL,150,45.34,T002
2026-01-02 00:31:53,AMD,BUY,200,133.6,T011
2026-01-02 00:06:28,TSLA,SELL,50,225.61,T015
2026-01-01 09:38:45,MSFT,BUY,150,315.99,T015
2026-01-02 05:42:07,TSLA,SELL,200,251.88,T017
2026-01-02 05:55:14,AMD,BUY,200,133.98,T007
2026-01-03 14:19:59,MSFT,SELL,50,365.46,T008
2026-01-03 14:01:28,AAPL,SELL,500,157.69,T015
2026-01-02 13:31:33,NVDA,SELL,100,440.2,T007
2026-01-01 13:58:34,AMZN,BUY,50,153.12,T019
2026-01-02 17:59:04,INTC,BUY,100,36.49,T007
2026-01-03 07:22:18,GOOGL,SELL,100,119.1,T016
2026-01-03 15:50:28,TSLA,SELL,150,222.23,T018
2026-01-03 02:33:38,NFLX,BUY,100,588.44,T010
2026-01-01 11:26:22,AAPL,BUY,250,179.03,T014
2026-01-03 04:06:13,GOOGL,SELL,250,103.28,T001
2026-01-03 07:42:10,AAPL,SELL,100,177.66,
2026-01-02 11:30:50,GOOGL,SELL,50,127.22,T018
2026-01-03 10:42:43,AAPL,BUY,200,194.58,T001
2026-01-03 13:33:37,MSFT,BUY,500,311.5,T016
2026-01-01 14:44:26,AMZN,SELL,100,162.14,T020
2026-01-02 11:34:23,META,BUY,50,201.56,T017
2026-01-03 06:51:54,AAPL,BUY,100,177.48,T011
2026-01-03 05:52:17,GOOGL,BUY,500,127.74,T020
2026-01-02 02:59:51,NFLX,BUY,200,591.85,T008
2026-01-02 13:49:10,META,BUY,150,287.69,T006
2026-01-02 03:45:43,META,BUY,100,286.38,T012
2026-01-03 09:25:48,AMD,BUY,50,145.65,T004
2026-01-02 16:47:36,INTC,BUY,150,43.31,T002
2026-01-02 09:38:00,TSLA,SELL,250,229.35,T016
2026-01-01 19:06:08,NFLX,SELL,250,579.06,T020
2026-01-02 04:00:11,AMD,SELL,500,115.51,T003
2026-01-01 21:28:22,AMZN,SELL,100,159.93,T019
2026-01-03 12:35:52,NFLX,SELL,250,531.04,T013
2026-01-01 16:12:59,INTC,BUY,200,30.63,T018
2026-01-02 00:37:51,NVDA,BUY,50,411.84,T007
2026-01-01 21:23:30,AAPL,SELL,150,178.87,T010
2026-01-02 09:00:02,NFLX,BUY,100,540.22,T014
2026-01-02 20:28:00,NFLX,BUY,150,507.72,T003
2026-01-02 20:24:19,NVDA,BUY,250,459.59,T010
2026-01-01 23:46:23,META,BUY,250,273.92,T010
2026-01-03 06:50:11,INTC,BUY,200,44.37,
2026-01-02 21:52:30,INTC,SELL,200,23.36,T016
2026-01-02 18:31:40,INTC,BUY,50,22.61,T003
2026-01-01 21:58:49,MSFT,SELL,500,385.82,T009
2026-01-01 14:13:20,AAPL,BUY,150,155.51,T010
2026-01-01 11:13:48,NVDA,BUY,500,421.49,T018
2026-01-03 02:30:24,GOOGL,SELL,50,128.06,T007
2026-01-03 08:47:49,META,BUY,150,299.91,T005
2026-01-02 12:27:40,AMD,SELL,200,142.09,T011
2026-01-02 10:13:01,NFLX,BUY,500,540.78,T018
2026-01-03 02:01:40,AAPL,BUY,250,165.46,T011
2026-01-01 16:29:27,META,BUY,200,227.89,T006
2026-01-01 21:01:45,META,BUY,100,276.11,T006
2026-01-03 03:58:16,GOOGL,BUY,250,132.0,T006
2026-01-02 07:57:51,AMD,SELL,150,128.11,T012
2026-01-02 15:02:25,NFLX,SELL,50,528.77,T012
2026-01-02 17:20:19,NFLX,BUY,100,563.21,T004
2026-01-02 13:50:59,INTC,BUY,100,21.88,T019
2026-01-02 01:46:44,NFLX,SELL,200,522.4,T014
2026-01-02 10:22:36,META,BUY,250,268.13,T016
2026-01-01 19:08:55,NVDA,SELL,500,472.84,T014
2026-01-01 23:45:06,TSLA,SELL,200,282.59,T011
2026-01-02 06:06:15,TSLA,BUY,150,223.58,T008
2026-01-02 14:13:09,MSFT,SELL,150,315.1,T011
2026-01-03 00:45:02,META,BUY,200,234.68,T007
2026-01-03 10:56:38,NVDA,SELL,250,492.52,T016
2026-01-03 07:35:44,INTC,SELL,250,25.08,T012
2026-01-01 12:50:40,NVDA,SELL,200,439.01,T002
2026-01-01 19:29:07,META,BUY,100,203.27,T011
2026-01-02 15:19:38,GOOGL,BUY,250,148.19,T019
2026-01-02 14:40:58,NVDA,SELL,100,482.74,T009
2026-01-02 00:03:44,GOOGL,SELL,50,145.05,T009
2026-01-03 06:31:29,GOOGL,SELL,100,124.57,T018
2026-01-01 19:48:39,GOOGL,SELL,50,138.86,T010
2026-01-03 01:11:34,NFLX,SELL,50,507.81,T004
2026-01-02 23:53:47,INTC,SELL,200,22.33,T016
2026-01-03 14:16:18,AMD,SELL,200,105.93,T016
2026-01-03 01:34:05,NFLX,SELL,500,550.56,T015
2026-01-02 02:19:41,INTC,SELL,200,40.17,T011
2026-01-02 20:10:05,AMZN,SELL,200,157.4,T003
2026-01-02 09:34:09,NVDA,BUY,500,492.62,T011
2026-01-03 09:35:27,META,SELL,50,288.64,T014
2026-01-02 18:46:57,NFLX,SELL,500,550.27,T002
2026-01-02 21:57:13,MSFT,BUY,50,306.59,T016
2026-01-02 07:21:05,INTC,SELL,500,26.89,T013
2026-01-02 10:53:44,TSLA,BUY,250,210.43,T001
2026-01-01 14:13:08,TSLA,BUY,150,267.75,T011
2026-01-01 15:42:54,AMZN,BUY,150,161.58,T012
2026-01-01 18:31:07,META,SELL,150,275.07,T019
2026-01-03 01:03:49,META,SELL,200,200.94,T003
2026-01-01 22:37:50,NVDA,SELL,50,485.64,T018
2026-01-03 14:13:59,AMZN,BUY,250,163.0,T003
2026-01-02 22:28:34,NFLX,SELL,100,524.57,T011
2026-01-01 22:26:53,GOOGL,BUY,50,101.75,T012
2026-01-02 08:45:34,TSLA,BUY,50,276.53,T015
2026-01-02 22:47:05,AAPL,SELL,500,191.83,T018
2026-01-02 01:43:34,GOOGL,BUY,150,132.96,T013
2026-01-03 10:35:57,NVDA,SELL,150,459.25,T018
2026-01-02 15:25:36,INTC,SELL,250,25.32,T014
2026-01-02 05:14:40,NFLX,SELL,200,555.03,T010
2026-01-01 13:47:22,AMD,SELL,100,134.15,T003
2026-01-02 08:31:33,NFLX,BUY,250,545.3,T013
2026-01-02 16:15:29,AAPL,SELL,250,198.62,T016
2026-01-02 06:43:07,GOOGL,SELL,100,122.99,T006
2026-01-01 15:34:46,NVDA,SELL,250,490.22,T014
2026-01-02 03:40:32,NVDA,BUY,250,487.16,T001
2026-01-01 23:45:06,TSLA,SELL,200,282.59,T011
2026-01-02 03:33:39,MSFT,BUY,50,361.53,
2026-01-02 00:53:29,META,BUY,150,224.0,T009
2026-01-02 21:01:21,META,SELL,200,276.56,T010
2026-01-03 12:28:00,GOOGL,BUY,50,122.83,T005
2026-01-03 01:29:45,AMZN,BUY,150,150.47,T008
2026-01-02 12:47:41,TSLA,BUY,200,279.08,T010
2026-01-01 11:25:45,INTC,BUY,150,24.21,T020
2026-01-03 10:32:05,NVDA,BUY,100,436.51,T009
2026-01-01 19:30:09,NFLX,BUY,50,579.65,T018
2026-01-02 08:05:52,NFLX,SELL,500,569.63,T016
2026-01-02 12:42:29,NVDA,SELL,100,481.56,T015
2026-01-02 15:04:42,AMZN,BUY,150,185.61,T004
2026-01-02 07:53:21,INTC,SELL,200,25.04,T006
2026-01-02 01:36:42,AAPL,BUY,500,169.8,T002
2026-01-01 10:58:53,GOOGL,SELL,200,145.12,T002
2026-01-01 19:29:07,META,BUY,100,203.27,T011
2026-01-02 18:16:36,META,BUY,150,231.26,T003
2026-01-03 02:38:46,META,BUY,250,298.18,T006
2026-01-02 15:30:47,GOOGL,BUY,100,106.95,T008
2026-01-02 01:56:00,AMZN,BUY,500,162.39,T002
2026-01-02 00:46:14,NVDA,BUY,100,400.71,T011
2026-01-01 20:10:22,NVDA,BUY,200,480.12,T014
2026-01-02 17:45:08,AMD,SELL,100,126.79,T018
2026-01-01 13:47:47,META,SELL,150,211.07,T019
2026-01-02 00:39:30,AAPL,BUY,250,173.65,T004
2026-01-03 01:19:05,MSFT,SELL,50,349.04,T017
2026-01-01 18:44:09,TSLA,BUY,200,208.57,T002
2026-01-02 02:20:26,NVDA,BUY,500,451.05,T010
2026-01-03 01:06:49,MSFT,SELL,100,300.31,T002
2026-01-01 15:34:57,GOOGL,SELL,100,101.35,T016
2026-01-01 17:44:53,TSLA,BUY,50,276.87,T002
2026-01-02 01:42:01,AMZN,BUY,250,158.97,T019
2026-01-01 15:21:01,AAPL,BUY,500,187.7,T003
2026-01-01 11:57:24,INTC,BUY,200,36.87,T004
2026-01-02 19:09:10,META,BUY,200,267.92,T014
2026-01-03 13:55:54,META,SELL,150,282.88,T003
2026-01-02 09:47:45,NVDA,SELL,100,456.71,T013
2026-01-03 12:44:31,AMD,BUY,100,134.55,T015
2026-01-02 00:23:02,TSLA,BUY,50,272.02,T017
2026-01-01 19:26:25,INTC,BUY,250,33.41,T017
2026-01-03 01:58:41,META,BUY,50,251.23,T009
2026-01-02 16:43:05,META,BUY,50,202.23,T009
2026-01-02 06:21:51,TSLA,SELL,150,287.89,T019
2026-01-01 23:06:34,INTC,BUY,200,23.74,
2026-01-02 23:41:08,GOOGL,BUY,150,144.03,T009
2026-01-02 02:38:41,TSLA,SELL,100,276.27,T014
2026-01-03 00:54:55,NVDA,BUY,200,458.66,T006
2026-01-03 13:31:59,MSFT,BUY,100,332.2,T015
2026-01-02 09:34:36,INTC,BUY,50,27.76,T001
2026-01-01 21:16:56,AAPL,BUY,50,153.86,T019
2026-01-02 01:55:33,AAPL,SELL,250,195.33,T004
2026-01-03 12:28:18,AMD,SELL,250,111.23,T002
2026-01-02 19:16:06,INTC,SELL,100,46.34,T006
2026-01-02 21:52:06,MSFT,BUY,500,358.85,T017
2026-01-01 17:22:18,NFLX,BUY,250,558.84,T005
2026-01-01 10:16:43,GOOGL,SELL,100,106.24,T013
2026-01-01 23:09:24,TSLA,BUY,50,296.32,T006
2026-01-02 20:26:42,NFLX,SELL,50,586.49,T001
2026-01-01 23:36:19,AMZN,SELL,150,178.56,T013
2026-01-02 01:37:05,AMZN,BUY,100,153.07,T017
2026-01-01 15:27:38,AAPL,SELL,150,182.99,T013
2026-01-02 04:44:33,TSLA,SELL,250,216.72,T004
2026-01-03 02:29:17,AAPL,BUY,150,182.74,T003
2026-01-02 06:47:58,NVDA,BUY,100,433.17,T005
2026-01-02 14:20:12,NVDA,BUY,500,489.47,T005
2026-01-03 15:05:30,MSFT,SELL,250,307.95,T006
2026-01-01 20:12:03,NVDA,BUY,100,446.02,T005
2026-01-01 11:03:57,TSLA,SELL,100,238.24,T011
2026-01-02 04:19:01,AMZN,BUY,200,178.9,T019
2026-01-03 03:55:08,GOOGL,BUY,250,141.3,T009
2026-01-03 09:52:24,AAPL,SELL,50,190.19,T011
2026-01-02 18:10:14,MSFT,SELL,250,390.25,T002
2026-01-01 22:42:26,INTC,SELL,150,29.83,T004
2026-01-03 03:33:20,GOOGL,SELL,200,130.34,T018
2026-01-01 19:46:38,AAPL,SELL,250,194.6,T011
2026-01-02 18:24:56,META,BUY,50,259.6,T020
2026-01-03 12:45:25,TSLA,BUY,100,234.77,T017
2026-01-01 19:33:32,AMZN,SELL,100,177.09,T004
2026-01-03 09:48:36,NVDA,SELL,200,487.26,T014
2026-01-01 09:27:35,AMZN,SELL,100,177.42,T001
2026-01-03 12:13:51,NFLX,BUY,100,562.92,T005
2026-01-02 07:39:20,META,BUY,250,217.25,T017
2026-01-02 07:04:48,GOOGL,BUY,500,143.83,T011
2026-01-01 20:48:22,NFLX,SELL,200,508.21,T013
2026-01-02 13:11:09,META,BUY,150,203.85,T004
2026-01-02 15:25:36,INTC,SELL,250,23.97,T014
2026-01-01 15:41:39,META,SELL,500,258.25,T010
2026-01-01 11:03:10,AMD,BUY,100,104.35,T007
2026-01-02 12:02:08,AMZN,SELL,250,182.51,T020
2026-01-02 08:01:18,MSFT,SELL,200,397.6,
2026-01-01 10:21:03,META,BUY,500,285.79,T001
2026-01-01 20:44:43,GOOGL,SELL,150,104.56,
2026-01-01 11:51:53,TSLA,SELL,200,228.61,T020
2026-01-02 11:41:42,META,BUY,200,299.51,T019
2026-01-02 16:45:00,AMZN,BUY,150,167.95,T002
2026-01-03 00:10:02,INTC,BUY,500,38.93,T008
2026-01-02 18:41:41,NVDA,BUY,500,430.81,T006
2026-01-01 23:53:34,MSFT,SELL,150,315.95,T017
2026-01-02 14:42:34,INTC,BUY,250,39.94,T008
2026-01-02 12:14:06,AAPL,SELL,200,197.73,T009
2026-01-03 15:23:50,INTC,SELL,100,22.88,T009
2026-01-01 17:58:30,NVDA,BUY,200,483.67,T004
2026-01-03 15:22:02,AMZN,BUY,150,172.46,T017
2026-01-02 17:42:17,NVDA,SELL,100,436.44,T020
2026-01-02 15:43:59,NFLX,BUY,250,595.55,T006
2026-01-03 00:30:36,AAPL,SELL,150,171.9,T001
2026-01-03 05:51:03,AMZN,SELL,150,150.27,T001
2026-01-03 11:56:32,TSLA,SELL,100,270.61,T004
2026-01-01 16:05:35,META,SELL,500,201.76,T013
2026-01-03 05:11:31,AMD,SELL,150,102.95,T008
2026-01-02 23:14:41,TSLA,SELL,50,205.0,T009
2026-01-02 05:51:23,AMD,BUY,50,125.38,T016
2026-01-02 01:35:28,TSLA,SELL,200,269.92,T001
2026-01-01 18:20:08,AMZN,SELL,100,170.75,T005
2026-01-02 07:54:49,MSFT,BUY,500,370.5,T007
2026-01-02 15:11:50,TSLA,BUY,250,214.24,T001
2026-01-01 23:18:07,TSLA,SELL,50,275.83,T019
2026-01-02 15:20:19,AMZN,BUY,150,183.3,T016
2026-01-02 14:07:34,TSLA,SELL,500,257.6,T012
2026-01-01 18:35:18,GOOGL,SELL,250,103.49,T018
2026-01-01 12:29:47,AMZN,SELL,500,175.9,
2026-01-02 07:23:52,META,BUY,200,211.27,
2026-01-02 17:46:52,INTC,SELL,250,34.15,T003
2026-01-01 16:08:18,NFLX,SELL,100,522.01,T015
2026-01-02 12:41:31,NVDA,SELL,100,438.62,T018
2026-01-03 15:05:59,AMD,BUY,150,130.19,T012
2026-01-01 13:31:43,NFLX,BUY,500,510.83,T011
2026-01-03 08:48:02,TSLA,BUY,100,273.79,T012
2026-01-01 14:14:05,META,SELL,50,229.45,T020
2026-01-01 18:32:12,MSFT,SELL,100,326.62,T012
2026-01-02 04:37:44,AMZN,BUY,500,176.38,T018
2026-01-01 18:10:46,AAPL,SELL,250,180.5,T019
2026-01-02 16:04:05,AAPL,BUY,50,178.04,T002
2026-01-02 05:34:26,GOOGL,SELL,200,129.57,T019
2026-01-01 14:15:24,INTC,SELL,100,45.54,T016
2026-01-01 19:58:43,AMD,BUY,250,131.85,T005
2026-01-02 16:23:38,NVDA,SELL,100,405.83,T008
2026-01-02 04:55:46,AMZN,BUY,150,193.17,T016
2026-01-01 14:24:51,META,SELL,250,278.87,T017
2026-01-02 21:01:34,MSFT,SELL,150,343.99,T018
2026-01-01 14:23:53,META,SELL,100,205.23,T020
2026-01-02 07:37:08,AAPL,SELL,50,178.02,T004
2026-01-03 10:49:25,NFLX,SELL,50,511.79,T011
2026-01-02 00:38:13,MSFT,BUY,200,343.04,T012
2026-01-02 13:33:02,AMD,BUY,500,142.67,T017
2026-01-02 22:10:32,GOOGL,BUY,150,133.41,T010
2026-01-02 16:37:16,AMD,SELL,100,132.22,T014
2026-01-03 03:13:01,AAPL,BUY,200,161.77,T011
2026-01-02 21:41:41,AMD,BUY,500,142.34,T018
2026-01-02 16:29:35,NFLX,BUY,100,505.99,T008
2026-01-02 08:27:23,NVDA,BUY,100,458.47,T013
2026-01-02 11:07:11,GOOGL,BUY,100,103.09,T002
2026-01-02 11:39:19,GOOGL,SELL,250,115.19,T012
2026-01-02 05:14:11,AMD,BUY,200,141.36,
2026-01-02 03:21:59,AMD,SELL,500,107.75,T007
2026-01-01 12:17:13,AMZN,BUY,250,155.64,T015
2026-01-03 07:28:12,INTC,SELL,200,42.51,T017
2026-01-02 16:49:41,NFLX,SELL,200,509.29,
2026-01-02 01:25:02,NVDA,SELL,150,460.91,T002
2026-01-02 20:31:37,AMD,BUY,500,113.61,T003
2026-01-03 12:06:54,AAPL,BUY,100,173.88,T018
2026-01-03 06:57:11,INTC,BUY,200,22.36,T012
2026-01-02 13:24:40,NFLX,BUY,500,597.12,T010
2026-01-01 12:26:01,INTC,SELL,50,47.89,T007
2026-01-03 02:16:32,INTC,BUY,250,22.82,T010
2026-01-02 07:40:24,NFLX,SELL,150,578.06,T018
2026-01-01 21:27:52,NFLX,SELL,150,579.18,T018
2026-01-02 09:51:18,NFLX,BUY,150,594.07,T004
2026-01-02 08:48:38,INTC,BUY,150,44.29,T019
2026-01-02 11:36:39,NFLX,BUY,200,594.16,T005
2026-01-01 21:52:56,AMD,BUY,200,108.82,T003
2026-01-03 00:23:20,META,SELL,200,293.97,T007
2026-01-02 00:22:23,TSLA,SELL,100,294.15,T016
2026-01-01 20:38:06,AMZN,SELL,150,180.49,T016
2026-01-03 14:07:04,MSFT,BUY,100,367.84,T020
2026-01-01 22:01:39,MSFT,BUY,50,377.18,T015
2026-01-02 05:52:45,TSLA,SELL,200,240.67,T003
2026-01-02 18:29:33,TSLA,BUY,50,259.51,T005
2026-01-03 10:32:38,AMD,SELL,250,101.38,T005
2026-01-01 10:06:10,INTC,BUY,500,47.91,T012
2026-01-03 09:59:54,MSFT,BUY,200,397.4,
2026-01-02 23:14:20,NVDA,BUY,250,462.9,T007
2026-01-01 22:56:01,MSFT,SELL,150,331.48,T012
2026-01-03 13:33:47,NFLX,BUY,500,517.84,T017
2026-01-01 18:12:45,AMZN,BUY,150,182.85,T003
2026-01-01 11:40:06,GOOGL,SELL,150,144.47,T004
2026-01-01 10:43:19,AMZN,BUY,250,174.14,T005
2026-01-02 12:17:06,INTC,SELL,500,28.12,T003
2026-01-02 14:38:22,TSLA,SELL,50,268.18,T013
2026-01-03 05:48:16,META,SELL,500,291.56,T007
2026-01-02 16:15:29,AAPL,SELL,250,198.62,T016
2026-01-02 01:05:44,META,SELL,200,263.45,T013
2026-01-03 15:32:16,GOOGL,SELL,50,144.02,T007
2026-01-01 20:49:55,GOOGL,BUY,200,146.89,T012
2026-01-03 00:17:44,INTC,SELL,500,28.33,T012
2026-01-01 15:21:07,NVDA,BUY,100,456.23,T016
2026-01-01 10:12:35,META,BUY,500,224.56,T013
2026-01-02 05:23:02,AMD,SELL,100,117.36,T020
2026-01-01 19:31:57,AAPL,SELL,150,164.34,T013
2026-01-02 23:32:35,NVDA,BUY,250,459.17,T015
2026-01-02 09:57:36,TSLA,SELL,500,248.06,T005
2026-01-01 18:04:01,NVDA,SELL,200,414.65,T011
2026-01-03 04:20:16,GOOGL,SELL,100,144.39,T020
2026-01-03 00:27:07,NVDA,BUY,500,477.23,T019
2026-01-03 07:07:11,MSFT,BUY,250,312.49,T003
2026-01-03 07:49:16,GOOGL,BUY,150,142.91,T017
2026-01-01 16:04:01,GOOGL,SELL,150,147.68,T010
2026-01-02 16:37:16,AMD,SELL,100,132.22,T014
2026-01-02 20:38:33,META,SELL,200,291.99,T019
2026-01-01 10:42:46,AMD,SELL,150,145.38,T009
2026-01-02 23:16:54,AMZN,SELL,50,185.64,T006
2026-01-01 09:45:29,NFLX,SELL,100,597.51,T003
2026-01-02 21:41:31,GOOGL,BUY,100,127.51,T007
2026-01-01 22:06:29,MSFT,BUY,100,332.15,T013
2026-01-02 18:18:30,AMZN,SELL,150,162.67,T018
2026-01-01 12:24:32,GOOGL,SELL,500,108.65,T005
2026-01-02 00:08:04,AMD,SELL,500,110.75,T016
2026-01-01 13:17:34,NFLX,BUY,500,597.98,
2026-01-01 22:17:23,GOOGL,SELL,100,131.24,T007
2026-01-02 11:29:05,AMD,BUY,50,114.56,T012
2026-01-03 11:30:09,AAPL,BUY,50,178.36,T001
2026-01-03 05:11:31,AMD,SELL,150,104.04,T008
2026-01-02 04:50:16,TSLA,SELL,150,245.34,T008
2026-01-02 05:40:11,META,BUY,500,226.73,T018
2026-01-01 23:36:12,MSFT,SELL,200,393.16,
2026-01-01 21:26:53,AMZN,SELL,150,152.5,T020
2026-01-02 14:52:16,AMZN,BUY,150,194.37,T002
2026-01-01 20:02:10,GOOGL,SELL,500,110.72,T011
2026-01-01 23:54:30,AAPL,BUY,200,165.85,T004
2026-01-01 20:16:53,AMD,BUY,500,120.03,T002
2026-01-02 15:06:30,AMZN,SELL,100,177.5,T001
2026-01-03 06:17:56,MSFT,BUY,200,352.1,T019
2026-01-01 22:32:44,AAPL,BUY,250,188.54,T002
2026-01-02 21:57:13,MSFT,SELL,50,307.48,T016
2026-01-03 12:07:27,INTC,SELL,500,47.64,T007
2026-01-02 21:07:37,INTC,BUY,50,41.71,T011
2026-01-03 15:45:47,INTC,SELL,50,45.16,T004
2026-01-02 19:45:57,INTC,SELL,150,49.58,T004
2026-01-02 17:48:47,AMZN,BUY,250,194.26,T015
2026-01-02 15:09:48,AMZN,SELL,200,161.97,T002
2026-01-03 05:13:41,AMZN,BUY,150,178.57,T018
2026-01-01 10:50:45,MSFT,SELL,500,302.94,T014
2026-01-02 16:36:23,META,BUY,150,215.22,T012
2026-01-02 13:43:12,NFLX,BUY,100,583.22,T009
2026-01-03 13:44:59,TSLA,SELL,250,228.08,
2026-01-02 23:59:02,NVDA,BUY,100,472.43,T013
2026-01-01 21:41:49,NVDA,SELL,100,442.01,T014
2026-01-03 02:56:44,AMZN,BUY,250,189.65,T008
2026-01-02 18:43:02,TSLA,SELL,500,213.95,T019
2026-01-03 04:04:40,META,SELL,200,208.44,
2026-01-03 13:13:30,GOOGL,SELL,150,115.4,T001
2026-01-01 17:43:09,AMD,BUY,500,116.53,T001
2026-01-02 00:54:54,TSLA,SELL,100,272.95,T010
2026-01-02 02:07:14,NFLX,BUY,200,508.55,T017
2026-01-03 11:49:13,TSLA,SELL,250,211.83,T017
2026-01-01 10:09:50,MSFT,BUY,200,361.16,T006
2026-01-02 00:19:01,META,BUY,500,299.61,T004
2026-01-02 08:27:01,AMD,BUY,100,135.83,T016
2026-01-02 07:22:31,GOOGL,BUY,500,114.8,T019
2026-01-01 23:47:05,AMD,SELL,150,146.19,T014
2026-01-03 09:32:59,AMD,SELL,200,122.94,T001
2026-01-02 08:13:13,INTC,BUY,150,25.28,T011
2026-01-01 14:13:59,AMD,SELL,200,136.54,T006
2026-01-01 12:15:47,AMZN,SELL,150,172.81,T013
2026-01-02 03:55:47,AMD,BUY,200,119.98,
2026-01-03 12:51:35,AAPL,BUY,150,173.05,T008
2026-01-02 03:28:24,NFLX,SELL,100,538.38,T012
2026-01-02 11:41:42,META,SELL,200,251.06,T019
2026-01-03 07:55:53,AMD,BUY,200,130.45,T012
2026-01-02 23:39:57,NVDA,SELL,250,496.8,T015
2026-01-01 18:28:11,AMD,BUY,250,109.21,T009
2026-01-02 07:06:22,NVDA,BUY,500,428.16,T010
2026-01-01 17:12:35,GOOGL,BUY,150,112.14,T006
2026-01-03 07:10:21,NFLX,BUY,100,527.51,T001
2026-01-03 10:39:18,TSLA,BUY,150,291.28,T015
2026-01-02 04:41:42,NVDA,BUY,50,450.02,T002
2026-01-01 23:43:33,NFLX,BUY,200,594.82,T016
2026-01-02 03:11:55,NFLX,BUY,500,541.91,T007
2026-01-02 16:01:56,META,BUY,100,279.23,T014
2026-01-01 19:52:14,MSFT,SELL,100,396.95,T007
2026-01-02 18:09:19,TSLA,BUY,200,273.08,T008
2026-01-02 01:13:25,INTC,SELL,50,29.31,T007
2026-01-03 13:48:02,NFLX,BUY,100,597.04,T006
2026-01-03 07:51:16,INTC,BUY,100,33.84,T017
2026-01-02 13:38:17,GOOGL,SELL,100,143.43,T019
2026-01-01 16:13:41,AMZN,SELL,500,182.49,T007
2026-01-01 10:16:55,NFLX,BUY,50,524.37,T007
2026-01-02 12:22:43,MSFT,SELL,150,388.2,T010
2026-01-03 06:35:47,META,SELL,50,230.32,T015
2026-01-01 14:45:56,META,SELL,50,269.97,T008
2026-01-02 19:41:53,AMD,BUY,250,123.31,T001
2026-01-03 12:11:37,META,BUY,150,222.88,T019
2026-01-03 13:51:16,AAPL,SELL,500,152.89,T016
2026-01-02 11:16:31,GOOGL,SELL,200,101.0,T013
2026-01-03 02:51:15,META,SELL,100,227.42,T015
2026-01-02 21:39:19,MSFT,SELL,150,324.97,T009
2026-01-01 17:13:57,META,BUY,500,239.27,T005
2026-01-02 14:22:46,NVDA,BUY,200,465.92,T013
2026-01-01 19:58:43,AMD,BUY,250,130.16,T005
2026-01-02 19:25:40,NFLX,SELL,100,508.35,T016
2026-01-02 18:08:37,NFLX,SELL,100,503.7,
2026-01-02 10:34:46,GOOGL,BUY,150,143.86,T001
2026-01-02 09:29:21,AMD,BUY,50,115.7,T001
2026-01-02 11:39:13,META,SELL,500,214.68,T004
2026-01-03 15:34:54,AMD,SELL,50,118.7,T014
2026-01-01 18:15:50,AMZN,SELL,100,165.53,T018
2026-01-02 10:25:05,GOOGL,SELL,250,115.84,T008
2026-01-01 10:52:04,AMZN,SELL,150,188.62,T011
2026-01-02 08:58:29,NFLX,BUY,500,552.83,T006
2026-01-03 08:33:45,AAPL,SELL,150,155.16,T006
2026-01-01 20:01:01,AMZN,SELL,50,153.81,T004
2026-01-03 15:27:19,NFLX,SELL,250,508.75,T004
2026-01-03 12:51:28,NVDA,SELL,100,444.13,T018
2026-01-02 17:05:39,INTC,BUY,100,42.56,T015
2026-01-01 10:28:57,META,BUY,50,279.57,T020
2026-01-02 18:13:00,INTC,SELL,500,26.37,T009
2026-01-01 15:28:22,AMD,BUY,200,133.19,T002
2026-01-02 13:50:09,GOOGL,SELL,500,106.47,T012
2026-01-03 05:10:33,GOOGL,BUY,50,142.41,T017
2026-01-01 10:54:41,GOOGL,SELL,200,139.34,T010
2026-01-02 08:44:19,TSLA,BUY,500,286.84,T010
2026-01-02 18:13:00,INTC,SELL,500,26.37,T009
2026-01-01 09:58:35,GOOGL,BUY,200,142.02,T018
2026-01-01 22:10:43,NVDA,SELL,500,421.1,T015
2026-01-03 08:23:37,TSLA,SELL,150,274.76,T016
2026-01-02 21:04:28,NFLX,SELL,150,512.94,T014
2026-01-03 12:16:17,AAPL,BUY,100,178.88,T002
2026-01-02 13:51:10,MSFT,BUY,200,399.49,T005
2026-01-03 11:35:10,MSFT,SELL,50,360.74,T001
2026-01-02 11:16:17,TSLA,SELL,500,215.03,T001
2026-01-01 15:19:24,AMZN,SELL,250,152.06,T020
2026-01-02 04:30:52,META,BUY,500,228.94,T015
2026-01-01 23:17:20,NFLX,BUY,500,592.24,T016
2026-01-02 12:40:52,META,BUY,150,228.68,T004
2026-01-02 20:41:33,AMZN,SELL,50,191.05,T013
2026-01-02 00:19:18,MSFT,SELL,500,378.84,T005
2026-01-03 08:22:24,AMZN,BUY,500,166.14,T013
2026-01-03 06:47:22,AMZN,BUY,50,174.93,T017
2026-01-02 07:35:31,NVDA,SELL,250,477.25,T015
2026-01-01 12:13:54,NFLX,SELL,150,579.25,T006
2026-01-02 07:11:16,AMZN,SELL,150,180.68,T012
2026-01-01 18:10:46,AAPL,BUY,250,199.98,T019
2026-01-02 05:28:30,TSLA,SELL,100,263.95,T013
2026-01-02 06:13:27,INTC,SELL,50,43.63,T001
2026-01-01 21:15:58,GOOGL,BUY,500,143.86,T005
2026-01-03 07:34:45,NVDA,SELL,100,420.97,T002
2026-01-03 07:11:52,AMZN,BUY,250,181.27,T014
2026-01-02 18:54:05,AAPL,BUY,100,187.51,T008
2026-01-01 14:47:30,AAPL,SELL,500,170.8,T016
2026-01-02 17:35:20,MSFT,BUY,200,366.66,T011
2026-01-02 05:00:36,META,BUY,250,277.38,T015
2026-01-01 09:49:32,AMD,BUY,100,101.83,T008
2026-01-01 11:42:24,TSLA,SELL,250,286.69,T015
2026-01-02 16:18:22,NFLX,SELL,500,588.64,T008
2026-01-03 04:29:50,MSFT,SELL,250,300.47,T006
2026-01-02 15:07:37,AAPL,BUY,50,192.47,T006
2026-01-03 03:59:37,NFLX,BUY,150,579.88,T020
2026-01-02 03:04:43,GOOGL,SELL,150,115.18,T016
2026-01-02 06:20:21,AAPL,SELL,500,182.51,T005
2026-01-03 15:37:43,AMZN,SELL,250,184.77,T017
2026-01-01 09:07:16,INTC,SELL,200,34.43,T007
2026-01-01 10:44:08,TSLA,BUY,50,226.34,T009
2026-01-02 18:36:37,INTC,BUY,500,22.36,T002
2026-01-03 13:03:01,AMZN,BUY,200,168.31,T011
2026-01-02 01:21:20,INTC,BUY,50,30.05,T003
2026-01-01 09:30:38,GOOGL,BUY,150,130.73,T006
2026-01-02 08:41:56,TSLA,SELL,50,291.39,T002
2026-01-03 11:00:35,MSFT,SELL,250,369.99,T012
2026-01-02 15:26:43,NFLX,BUY,150,507.55,T015
2026-01-01 18:52:48,META,SELL,500,285.62,T017
2026-01-01 19:59:54,TSLA,SELL,200,297.62,T012
2026-01-01 15:24:47,NVDA,SELL,250,439.54,T015
2026-01-02 15:09:06,META,BUY,50,210.59,T001
2026-01-01 11:10:07,NFLX,BUY,250,505.57,T006
2026-01-02 09:30:06,MSFT,BUY,150,374.91,T020
2026-01-01 13:50:47,NVDA,SELL,50,484.37,T019
2026-01-02 21:57:48,INTC,SELL,100,40.28,T019
2026-01-01 21:42:42,META,SELL,150,279.86,T002
2026-01-03 06:52:12,NVDA,BUY,150,454.69,T002
2026-01-03 04:32:09,AMZN,SELL,100,192.45,T006
2026-01-02 11:35:41,AMD,BUY,250,100.52,T004
2026-01-02 23:14:26,AAPL,BUY,100,189.0,T013
2026-01-03 15:07:15,META,SELL,100,200.25,T015
2026-01-02 04:13:40,META,BUY,50,262.67,T013
2026-01-02 15:45:27,META,BUY,500,212.18,T012
2026-01-03 09:16:51,GOOGL,BUY,150,108.57,T019
2026-01-01 17:24:08,AMD,SELL,200,113.19,T002
2026-01-02 07:03:07,MSFT,SELL,150,325.72,T010
2026-01-03 11:01:21,INTC,SELL,150,36.25,T017
2026-01-01 12:14:10,AMD,BUY,100,138.25,T018
2026-01-03 06:20:14,AMD,BUY,50,126.77,T014
2026-01-01 14:39:54,AMZN,BUY,500,180.6,T013
2026-01-03 05:51:03,AMZN,BUY,150,150.03,T001
2026-01-03 08:38:44,INTC,SELL,200,25.62,T007
2026-01-01 13:20:53,TSLA,SELL,200,260.33,T020
2026-01-01 11:22:55,AAPL,SELL,50,175.22,T004
2026-01-03 14:10:51,NVDA,BUY,250,410.91,T018
2026-01-01 10:03:19,GOOGL,SELL,500,128.63,T012
2026-01-01 21:17:45,AMZN,SELL,200,166.18,T020
2026-01-02 07:21:52,AMZN,BUY,200,198.59,T020
2026-01-01 14:50:59,META,BUY,150,265.76,T007
2026-01-02 12:54:56,META,BUY,250,247.88,T012
2026-01-03 06:47:50,INTC,SELL,200,25.22,T018
2026-01-03 06:03:08,META,BUY,250,266.85,T013
2026-01-01 11:45:24,TSLA,BUY,250,286.04,T014
2026-01-03 05:18:35,AAPL,BUY,500,153.34,T010
2026-01-01 19:08:55,NVDA,SELL,500,474.74,T014
2026-01-02 01:24:10,MSFT,BUY,250,391.74,T012
2026-01-02 04:05:41,META,BUY,250,201.37,T006
2026-01-02 10:24:17,AAPL,SELL,100,190.95,T017
2026-01-02 18:28:48,AMD,BUY,100,102.58,T018
2026-01-02 21:39:18,NVDA,SELL,500,434.26,T005
2026-01-01 13:12:07,GOOGL,BUY,500,126.39,T019
2026-01-01 14:51:13,GOOGL,BUY,100,141.49,T014
2026-01-02 11:03:13,AMD,SELL,200,115.82,T004
2026-01-03 07:50:59,NFLX,BUY,500,530.46,T013
2026-01-03 00:05:18,INTC,BUY,100,20.63,T016
2026-01-03 14:01:52,INTC,SELL,100,44.14,T020
2026-01-03 04:39:58,AMZN,BUY,150,179.79,T019
2026-01-02 07:38:40,MSFT,SELL,500,360.27,T019
2026-01-01 18:20:59,AMZN,BUY,500,161.11,T003
2026-01-03 07:14:58,NFLX,BUY,50,596.34,T018
2026-01-02 13:59:44,NFLX,BUY,50,560.74,T009
2026-01-01 16:28:47,INTC,SELL,200,47.36,T015
2026-01-02 01:25:20,AMD,BUY,100,121.7,T014
2026-01-02 00:50:08,AMD,BUY,250,103.14,T013
2026-01-03 14:56:17,AAPL,SELL,100,162.23,T014
2026-01-02 18:10:29,AMZN,BUY,50,173.17,T009
2026-01-02 12:38:30,AMZN,SELL,100,188.52,T020
2026-01-02 11:40:43,MSFT,BUY,100,310.63,T005
2026-01-01 20:35:29,AMZN,SELL,100,190.19,T002
2026-01-01 21:56:42,META,SELL,200,205.69,T002
2026-01-02 15:48:26,AMD,SELL,250,140.58,T016
2026-01-01 13:53:03,INTC,BUY,500,42.84,T005
2026-01-03 06:17:46,MSFT,SELL,200,384.46,T008
2026-01-02 18:48:32,NVDA,SELL,200,447.78,T006
2026-01-03 14:11:43,AAPL,SELL,200,168.0,T020
2026-01-03 15:30:54,AAPL,BUY,200,158.56,T020
2026-01-01 19:23:08,AMZN,SELL,100,173.5,T018
2026-01-02 17:16:18,MSFT,SELL,50,304.81,T004
2026-01-01 20:54:58,GOOGL,SELL,500,147.2,T009
2026-01-02 07:31:20,INTC,BUY,50,38.19,T017
2026-01-03 11:55:39,NVDA,BUY,150,416.76,T009
2026-01-02 01:01:14,INTC,SELL,100,24.14,T004
2026-01-02 15:28:45,AAPL,SELL,50,152.55,T012
2026-01-01 15:57:54,NFLX,SELL,100,598.07,T018
2026-01-03 13:13:22,MSFT,BUY,500,366.17,T003
2026-01-01 15:13:28,GOOGL,SELL,200,115.83,T019
2026-01-03 10:23:28,INTC,SELL,200,29.01,T012
2026-01-03 14:43:47,AMZN,BUY,500,180.21,T003
2026-01-02 02:17:06,AMD,BUY,100,135.67,T003
2026-01-03 08:14:53,AMZN,SELL,250,167.5,T019
2026-01-03 14:40:38,MSFT,SELL,200,309.94,T015
2026-01-01 21:31:53,NFLX,SELL,200,527.28,T010
2026-01-03 08:16:53,AAPL,BUY,100,196.6,T009
2026-01-02 14:21:59,NFLX,BUY,100,565.08,T006
2026-01-02 21:14:01,AMZN,SELL,250,173.67,T008
2026-01-02 07:14:59,GOOGL,BUY,500,103.95,T012
2026-01-02 20:56:48,INTC,BUY,200,41.87,T018
2026-01-01 21:17:58,INTC,BUY,150,35.06,T020
2026-01-02 10:33:47,TSLA,BUY,500,227.66,T003
2026-01-01 15:51:42,MSFT,SELL,250,399.2,T003
2026-01-01 10:55:14,TSLA,BUY,500,204.2,T017
2026-01-02 08:24:58,MSFT,SELL,500,328.15,T014
2026-01-01 22:45:24,TSLA,BUY,250,232.19,T008
2026-01-02 08:03:43,NFLX,SELL,50,553.13,T014
2026-01-02 00:08:49,TSLA,SELL,250,201.24,T011
2026-01-01 10:12:19,META,SELL,150,291.72,T018
2026-01-03 10:21:50,TSLA,SELL,150,250.32,T010
2026-01-03 13:55:48,AMZN,SELL,150,174.36,T014
2026-01-01 23:19:54,TSLA,SELL,200,223.93,T020
2026-01-02 15:40:09,GOOGL,BUY,150,126.1,T003
2026-01-02 03:08:01,AMD,BUY,50,111.84,T020
2026-01-01 17:19:00,META,BUY,500,261.72,T002
2026-01-03 05:48:08,NVDA,BUY,250,466.63,T004
2026-01-03 11:56:03,META,BUY,50,216.16,T003
2026-01-03 01:00:21,NFLX,BUY,50,547.91,T011
2026-01-01 15:03:40,NVDA,SELL,200,415.91,T019
2026-01-01 16:59:36,MSFT,BUY,250,340.83,T010
2026-01-03 02:53:57,META,BUY,200,229.98,T007
2026-01-03 12:08:47,GOOGL,BUY,500,143.85,T013
2026-01-01 13:12:41,AMZN,BUY,500,154.31,T010
2026-01-02 05:41:55,GOOGL,SELL,200,118.69,T004
2026-01-02 03:39:32,TSLA,SELL,250,298.43,T009
2026-01-03 08:50:01,GOOGL,BUY,200,108.58,T008
2026-01-03 05:03:39,NVDA,SELL,100,492.24,T012
2026-01-01 18:17:56,NFLX,BUY,100,558.04,T011
2026-01-03 08:50:59,NVDA,SELL,500,456.45,T010
2026-01-02 14:24:45,MSFT,SELL,250,352.89,T014
2026-01-02 08:10:59,MSFT,SELL,500,302.63,T007
2026-01-02 18:09:32,MSFT,BUY,150,372.86,T002
2026-01-01 16:01:22,TSLA,BUY,200,200.98,T008
2026-01-02 14:35:20,META,BUY,150,202.33,T019
2026-01-03 06:06:32,META,SELL,500,216.19,T006
2026-01-03 05:04:11,AMZN,SELL,500,187.35,T013
2026-01-02 05:48:57,INTC,BUY,100,31.67,T002
2026-01-01 13:44:50,TSLA,SELL,50,204.95,T010
2026-01-02 00:09:34,AAPL,BUY,200,151.75,T015
2026-01-03 02:40:02,META,BUY,150,212.24,T010
2026-01-03 12:13:27,NVDA,SELL,50,463.0,T018
2026-01-02 08:55:09,INTC,SELL,150,29.76,T004
2026-01-01 19:39:12,META,SELL,250,216.49,T005
2026-01-02 09:11:22,META,BUY,100,217.04,T003
2026-01-03 15:48:22,META,SELL,200,262.53,T009
2026-01-03 10:23:03,AAPL,BUY,100,160.53,T012
2026-01-01 23:13:15,AAPL,SELL,250,171.15,T014
2026-01-02 16:51:58,NFLX,SELL,250,569.33,T001
2026-01-02 13:51:43,AAPL,SELL,50,186.77,T016
2026-01-03 03:16:59,AMZN,SELL,50,192.87,T013
2026-01-02 11:53:05,AAPL,SELL,150,177.64,T002
2026-01-02 21:00:30,GOOGL,SELL,100,116.36,T020
2026-01-03 14:14:32,MSFT,SELL,100,393.48,T017
2026-01-02 05:28:31,TSLA,SELL,150,219.81,T003
2026-01-02 15:19:38,GOOGL,BUY,250,148.19,T019
2026-01-01 13:29:05,NVDA,BUY,100,414.62,T006
2026-01-02 15:03:47,NFLX,SELL,250,509.92,T014
2026-01-03 03:16:59,AMZN,BUY,50,194.79,T013
2026-01-01 23:01:01,AMZN,SELL,100,159.01,T003
2026-01-01 16:42:07,NVDA,SELL,150,455.3,T009
2026-01-01 17:53:06,AAPL,BUY,250,187.94,T009
2026-01-02 23:17:33,AAPL,SELL,500,196.32,T004
2026-01-02 20:17:54,GOOGL,BUY,250,134.87,T007
2026-01-02 23:24:58,INTC,SELL,200,27.16,T019
2026-01-03 07:28:40,INTC,SELL,500,44.39,T002
2026-01-01 16:44:49,MSFT,SELL,150,349.47,T015
2026-01-02 09:13:32,MSFT,SELL,150,378.64,T013
2026-01-02 03:28:45,INTC,SELL,150,35.43,T008
2026-01-02 12:35:06,MSFT,BUY,250,390.8,T005
2026-01-02 02:58:17,MSFT,SELL,250,348.23,T008
2026-01-03 12:38:27,MSFT,SELL,50,341.21,T005
2026-01-01 19:30:52,GOOGL,SELL,100,112.56,T020
2026-01-03 08:17:26,MSFT,BUY,200,324.09,T014
2026-01-01 13:03:50,NFLX,SELL,150,582.54,
2026-01-01 16:35:38,AMD,SELL,250,120.29,T002
2026-01-02 08:47:33,MSFT,BUY,50,302.73,T013
2026-01-02 12:10:21,NVDA,BUY,250,495.32,T013
2026-01-01 19:02:56,INTC,BUY,100,31.96,T003
2026-01-02 19:08:46,INTC,SELL,150,32.94,T017
2026-01-01 10:01:52,AMZN,SELL,100,195.49,T002
2026-01-02 06:38:25,NVDA,BUY,50,481.19,T014
2026-01-01 16:04:18,META,SELL,100,274.06,T004
2026-01-02 10:52:46,TSLA,SELL,150,253.62,T010
2026-01-01 14:23:35,META,BUY,150,229.35,T002
2026-01-01 18:36:48,AMD,BUY,200,146.46,T008
2026-01-02 01:32:46,NFLX,BUY,100,515.26,T016
2026-01-02 22:03:17,AMD,SELL,50,143.07,T004
2026-01-01 15:32:02,TSLA,BUY,200,298.67,T020
2026-01-01 14:55:37,NFLX,SELL,500,588.14,
2026-01-01 21:06:16,NFLX,SELL,150,523.89,T001
2026-01-02 11:01:10,MSFT,SELL,200,367.9,T010
2026-01-03 04:54:23,NVDA,BUY,250,492.83,T019
2026-01-03 10:22:03,NVDA,BUY,250,439.48,T018
2026-01-02 13:46:30,AAPL,SELL,150,154.45,T009
2026-01-03 06:22:15,MSFT,BUY,250,372.05,T016
2026-01-02 04:52:27,INTC,SELL,250,36.5,T014
2026-01-03 11:59:05,AMZN,BUY,150,176.85,T015
2026-01-01 22:10:43,NVDA,SELL,500,419.84,T015
2026-01-02 12:17:46,GOOGL,SELL,150,116.93,T006
2026-01-02 21:37:57,GOOGL,BUY,100,113.01,T014
2026-01-01 11:27:33,MSFT,BUY,250,366.23,T011
2026-01-02 11:50:28,AMD,BUY,150,142.51,T010
2026-01-01 23:49:20,AAPL,SELL,50,194.28,T009
2026-01-02 17:50:33,TSLA,SELL,50,268.66,T017
2026-01-03 12:30:09,GOOGL,SELL,50,133.6,
2026-01-02 07:58:23,MSFT,SELL,500,368.42,T018
2026-01-02 12:34:05,AMD,SELL,500,143.59,T003
2026-01-02 21:29:11,GOOGL,BUY,150,130.24,T018
2026-01-03 04:25:34,INTC,SELL,150,22.42,T014
2026-01-01 13:35:45,NFLX,SELL,50,536.47,T013
2026-01-03 04:35:36,NFLX,SELL,500,533.32,T003
2026-01-03 06:43:45,AMZN,BUY,150,198.62,T018
2026-01-03 04:17:09,GOOGL,BUY,500,140.24,T020
2026-01-02 19:16:00,META,SELL,250,207.66,T018
2026-01-03 05:35:09,AMZN,BUY,150,164.43,T018
2026-01-03 11:07:30,AAPL,SELL,50,161.63,T004
2026-01-03 13:50:14,MSFT,SELL,100,304.75,T007
2026-01-01 17:22:47,TSLA,SELL,500,262.93,T003
2026-01-02 21:57:38,AAPL,SELL,100,184.91,T020
2026-01-01 10:28:36,AAPL,BUY,150,158.68,T003
2026-01-02 04:15:06,INTC,BUY,250,46.73,T020
2026-01-01 18:20:38,MSFT,SELL,500,380.71,T018
2026-01-02 15:02:28,AMD,BUY,200,124.87,T012
2026-01-03 14:36:59,INTC,BUY,100,38.24,T006
2026-01-01 11:17:46,NVDA,BUY,150,433.66,T019
2026-01-03 04:02:11,NFLX,SELL,150,593.14,T006
2026-01-03 15:09:22,AMZN,SELL,100,186.63,T004
2026-01-02 23:45:37,GOOGL,SELL,100,106.6,T007
2026-01-01 10:36:12,MSFT,SELL,150,373.74,T006
2026-01-03 12:47:22,AAPL,SELL,200,159.34,
2026-01-01 12:06:58,NFLX,BUY,250,504.52,T011
2026-01-02 12:52:31,AMZN,BUY,500,160.64,T019
2026-01-01 19:36:22,AMZN,BUY,200,183.31,T007
2026-01-03 01:27:06,AMZN,SELL,150,199.04,T005
2026-01-03 01:00:42,GOOGL,SELL,150,140.14,T002
2026-01-01 09:22:28,AMD,SELL,500,146.07,T015
2026-01-02 16:31:33,MSFT,BUY,250,360.58,T014
2026-01-03 06:05:39,MSFT,SELL,50,341.22,T019
2026-01-02 07:53:21,INTC,SELL,200,25.04,T006
2026-01-02 06:14:40,AAPL,SELL,150,173.31,T007
2026-01-01 18:51:00,META,BUY,50,246.15,T002
2026-01-01 14:42:40,MSFT,SELL,200,327.53,T002
2026-01-03 07:26:33,TSLA,BUY,100,223.89,T015
2026-01-02 14:48:10,AAPL,BUY,150,187.99,T015
2026-01-01 15:12:40,META,SELL,500,226.22,T016
2026-01-03 07:53:06,AAPL,BUY,250,193.96,T006
2026-01-02 20:48:04,GOOGL,SELL,250,106.6,T018
2026-01-01 17:29:40,META,SELL,150,276.15,T011
2026-01-02 03:57:26,MSFT,SELL,500,348.22,T007
2026-01-02 04:46:18,AMD,BUY,200,120.19,T012
2026-01-02 19:33:03,INTC,SELL,150,42.58,T015
2026-01-01 18:12:59,TSLA,SELL,100,291.32,T001
2026-01-01 22:25:10,AMZN,BUY,50,176.47,T009
2026-01-03 03:07:08,INTC,BUY,100,24.02,T011
2026-01-02 04:22:03,NFLX,SELL,500,548.73,T006
2026-01-03 10:30:36,AMZN,BUY,50,168.29,T003
2026-01-02 12:47:59,NVDA,BUY,250,499.81,T002
2026-01-02 11:05:01,AMZN,BUY,100,174.55,T019
2026-01-01 19:59:24,AMZN,SELL,200,192.95,T013
2026-01-02 12:09:29,NFLX,SELL,200,592.8,T014
2026-01-02 23:41:19,NVDA,SELL,500,443.52,T003
2026-01-02 13:11:12,META,BUY,150,222.53,
2026-01-03 15:55:26,AMZN,BUY,200,185.53,T008
2026-01-01 13:07:14,NVDA,BUY,500,406.75,T018
2026-01-01 19:23:59,TSLA,SELL,250,263.4,T001
2026-01-02 02:34:29,META,BUY,500,272.11,T009
2026-01-03 09:08:25,MSFT,BUY,200,354.21,T004
2026-01-03 15:22:02,AMZN,BUY,150,171.35,T017
2026-01-02 01:51:24,AAPL,SELL,150,177.46,
2026-01-02 18:30:05,AMZN,SELL,150,171.93,T014
2026-01-03 14:58:07,INTC,BUY,150,45.86,T017
2026-01-01 14:26:18,AAPL,BUY,50,182.79,T011
2026-01-02 14:38:38,NFLX,BUY,100,559.8,T007
2026-01-03 00:27:08,AMD,BUY,500,105.18,T010
2026-01-01 09:54:03,MSFT,SELL,50,352.43,T020
2026-01-01 09:05:38,GOOGL,BUY,200,111.54,T004
2026-01-01 13:22:31,MSFT,BUY,250,318.02,T009
2026-01-03 00:29:05,MSFT,SELL,100,375.19,T015
2026-01-01 17:19:32,META,SELL,100,218.8,T011
2026-01-02 18:16:55,AMZN,BUY,200,155.98,T006
2026-01-03 04:22:50,AMD,SELL,50,106.28,T010
2026-01-02 12:25:10,GOOGL,BUY,250,124.27,T018
2026-01-03 13:09:32,TSLA,SELL,100,273.79,T017
2026-01-01 20:34:34,AAPL,SELL,50,167.44,T002
2026-01-02 02:05:02,AAPL,BUY,200,175.92,T003
2026-01-02 09:38:13,AAPL,BUY,50,196.74,T003
2026-01-01 18:23:06,TSLA,BUY,250,297.74,T016
2026-01-03 09:57:35,META,SELL,100,296.5,T017
2026-01-01 11:20:45,NVDA,SELL,250,480.65,
2026-01-03 05:30:55,AAPL,BUY,200,189.47,T004
2026-01-03 10:22:33,TSLA,SELL,150,220.12,T010
2026-01-03 12:21:27,NFLX,SELL,150,566.8,T003
2026-01-03 15:20:08,INTC,SELL,500,35.56,T015
2026-01-03 12:40:21,MSFT,BUY,50,376.17,T015
2026-01-03 01:40:17,META,BUY,250,236.11,
2026-01-01 19:12:01,NVDA,SELL,50,405.48,T002
2026-01-01 09:45:43,AMD,BUY,250,118.0,T006
2026-01-03 15:39:25,INTC,BUY,150,40.56,T015
2026-01-03 14:54:35,META,SELL,50,224.1,T017
2026-01-03 14:24:55,AMD,SELL,250,119.33,T017
2026-01-02 04:52:23,INTC,SELL,150,39.25,T015
2026-01-01 23:56:41,MSFT,SELL,500,305.72,T015
2026-01-02 16:14:59,AMZN,BUY,150,197.22,T014
2026-01-03 00:33:47,INTC,BUY,150,36.31,T011
2026-01-01 11:12:39,AAPL,SELL,250,186.86,
2026-01-01 21:54:01,AMD,BUY,150,124.3,T004
2026-01-01 22:23:19,TSLA,SELL,250,229.98,T002
2026-01-01 11:19:19,META,SELL,200,286.0,T018
2026-01-02 19:27:25,META,SELL,50,205.75,T019
2026-01-01 11:18:54,AMD,BUY,200,117.88,T014
2026-01-03 03:10:18,AMD,SELL,50,116.94,T005
2026-01-03 10:40:21,META,SELL,500,289.25,T004
2026-01-01 21:48:51,AMD,SELL,200,141.54,T011
2026-01-01 17:50:54,NVDA,SELL,500,479.93,T002
2026-01-01 22:04:34,TSLA,BUY,100,247.16,T015
2026-01-02 12:20:20,AAPL,BUY,250,151.36,T007
2026-01-01 18:29:52,NFLX,SELL,150,511.16,T008
2026-01-03 11:40:30,AAPL,SELL,200,176.49,T008
2026-01-02 13:37:17,AAPL,SELL,150,164.77,T012
2026-01-03 06:59:52,MSFT,SELL,200,386.08,T018
2026-01-02 12:51:09,TSLA,BUY,50,219.7,T012
2026-01-03 02:07:36,GOOGL,BUY,250,138.38,T018
2026-01-02 00:17:00,MSFT,BUY,50,356.6,T007
2026-01-01 16:46:44,NFLX,SELL,500,544.3,T006
2026-01-01 10:30:16,INTC,SELL,100,48.88,T019
2026-01-03 01:43:42,AMD,BUY,50,118.19,T008
2026-01-01 09:39:05,NFLX,BUY,100,555.42,T002
2026-01-01 11:35:52,INTC,BUY,150,24.04,T009
2026-01-03 06:58:08,TSLA,SELL,100,246.36,T012
2026-01-02 05:19:44,INTC,BUY,100,33.05,T020
2026-01-02 04:22:46,META,BUY,50,233.46,T005
2026-01-01 19:02:41,MSFT,BUY,150,337.24,T018
2026-01-03 09:23:49,MSFT,BUY,500,349.61,T013
2026-01-01 12:32:39,NFLX,SELL,200,552.81,T008
2026-01-02 02:36:40,NFLX,BUY,250,552.0,T011
2026-01-03 00:03:14,AMD,SELL,50,101.31,T007
2026-01-02 09:39:51,AMZN,BUY,50,186.5,T011
2026-01-02 06:46:04,NVDA,BUY,50,444.99,T005
2026-01-03 10:23:48,META,BUY,250,245.54,T001
2026-01-01 22:27:15,META,BUY,50,287.48,
2026-01-02 11:25:52,AAPL,BUY,150,151.22,T013
2026-01-03 06:42:00,META,BUY,150,242.2,T009
2026-01-03 05:47:13,NFLX,BUY,150,539.08,T004
2026-01-03 10:13:37,TSLA,SELL,500,236.35,T011
2026-01-02 04:15:19,AMD,BUY,100,128.29,T011
2026-01-01 12:10:04,NFLX,BUY,50,553.96,T017
2026-01-03 06:33:05,META,SELL,200,203.03,T013
2026-01-01 12:55:20,META,SELL,200,210.81,T013
2026-01-02 06:44:51,NFLX,BUY,150,563.95,T003
2026-01-03 13:50:31,AMD,BUY,50,146.99,T008
2026-01-01 10:32:27,AMZN,BUY,200,180.95,T007
2026-01-02 13:41:00,INTC,BUY,200,35.73,T013
2026-01-02 04:11:56,AAPL,BUY,100,178.76,T008
2026-01-02 08:37:18,NVDA,BUY,200,491.62,T009
2026-01-02 03:17:24,NVDA,SELL,200,416.31,T005
2026-01-03 09:33:07,AMD,BUY,50,102.69,T009
2026-01-01 17:19:10,AAPL,SELL,200,195.47,T014
2026-01-02 05:12:02,AMZN,BUY,250,195.38,T004
2026-01-03 09:23:32,AMZN,SELL,500,167.49,T002
2026-01-02 07:23:54,META,BUY,200,283.88,T005
2026-01-02 21:05:58,META,SELL,200,257.1,T001
2026-01-02 08:48:42,AMD,BUY,500,138.15,
2026-01-02 15:41:24,NVDA,BUY,50,408.33,T013
2026-01-02 20:57:07,AMZN,SELL,500,169.78,T016
2026-01-02 02:24:59,META,BUY,250,217.57,T014
2026-01-03 04:29:33,GOOGL,BUY,500,146.51,T018
2026-01-02 20:21:38,AMD,BUY,500,148.04,T012
2026-01-03 14:02:59,MSFT,SELL,200,315.65,T010
2026-01-03 14:18:30,AMZN,SELL,200,172.56,T006
2026-01-03 12:51:35,AAPL,SELL,150,178.04,T008
2026-01-03 09:37:07,META,BUY,100,262.74,T007
2026-01-03 00:05:18,INTC,BUY,100,20.63,T016
2026-01-02 09:34:56,TSLA,SELL,50,276.18,T003
2026-01-01 15:52:41,MSFT,BUY,200,302.56,T012
2026-01-03 13:50:51,AMD,SELL,150,149.67,T004
2026-01-01 10:32:03,TSLA,SELL,100,209.71,T018
2026-01-03 03:06:03,TSLA,SELL,250,223.22,T011
2026-01-01 22:53:46,MSFT,SELL,150,306.17,T017
2026-01-03 04:31:47,AAPL,SELL,500,187.07,T010
2026-01-03 01:52:08,NVDA,SELL,500,409.17,T018
2026-01-03 01:20:07,META,BUY,250,273.86,T015
2026-01-02 12:27:40,AMD,SELL,200,142.09,T011
2026-01-02 19:54:38,GOOGL,BUY,50,139.42,T015
2026-01-02 10:28:40,AMZN,BUY,100,173.2,T016
2026-01-03 08:54:42,NFLX,BUY,150,506.49,T005
2026-01-02 18:03:05,AAPL,BUY,50,152.37,T019
2026-01-02 10:15:48,AAPL,SELL,500,154.84,T013
2026-01-02 12:34:12,AMZN,BUY,150,168.2,T014
2026-01-02 17:42:17,MSFT,BUY,50,379.95,T020
2026-01-02 15:16:21,AMD,BUY,500,109.39,T006
2026-01-01 10:31:30,GOOGL,SELL,100,118.09,T016
2026-01-02 11:57:27,NVDA,SELL,150,485.2,T008
2026-01-02 15:45:42,NVDA,BUY,250,420.69,T006
2026-01-02 02:29:29,GOOGL,SELL,200,102.63,T018
2026-01-01 21:11:17,AMD,BUY,250,119.5,T011
2026-01-02 18:20:45,META,SELL,200,237.25,T017
2026-01-01 17:41:28,NVDA,SELL,500,475.11,T002
2026-01-01 20:35:53,AMZN,SELL,500,196.51,T012
2026-01-03 13:51:59,NVDA,SELL,250,460.65,T013
2026-01-02 20:14:08,AMZN,SELL,150,199.08,T019
2026-01-01 23:30:59,AAPL,BUY,150,194.54,T014
2026-01-01 23:43:35,META,BUY,250,261.95,T004
2026-01-01 14:13:59,AMD,SELL,200,136.54,T006
2026-01-01 13:18:01,NFLX,SELL,200,598.72,T001
2026-01-02 03:37:19,NFLX,BUY,200,518.95,T003
2026-01-03 11:42:49,GOOGL,SELL,250,106.92,T006
2026-01-03 06:48:32,AMZN,SELL,150,195.58,T004
2026-01-02 06:18:10,INTC,SELL,150,41.47,T009
2026-01-01 18:49:45,META,SELL,50,277.8,T001
2026-01-03 11:42:49,GOOGL,SELL,250,105.9,T006
2026-01-02 01:09:08,MSFT,BUY,50,351.26,T006
2026-01-03 14:13:50,GOOGL,BUY,150,138.33,T018
2026-01-03 12:34:28,GOOGL,BUY,150,141.79,T008
2026-01-03 09:25:08,MSFT,BUY,150,357.64,T002
2026-01-03 12:34:43,INTC,BUY,200,35.43,T011
2026-01-01 20:42:24,AMZN,SELL,200,157.27,T012
2026-01-01 21:32:21,META,SELL,150,207.24,T016
2026-01-03 01:39:18,NFLX,SELL,50,534.62,T004
2026-01-02 11:06:30,AMD,BUY,50,112.79,T001
2026-01-02 18:45:29,TSLA,BUY,100,228.71,T018
2026-01-03 04:08:19,AMZN,SELL,200,156.99,T019
2026-01-03 03:00:19,NFLX,SELL,50,586.04,T018
2026-01-01 17:46:55,TSLA,SELL,100,219.08,T004
2026-01-03 10:53:52,GOOGL,BUY,100,122.57,T012
2026-01-02 10:57:14,GOOGL,BUY,150,111.55,T002
2026-01-02 11:48:17,META,SELL,100,291.95,T011
2026-01-02 03:30:50,TSLA,SELL,150,225.69,T012
2026-01-01 10:07:21,MSFT,BUY,100,397.15,T004
2026-01-02 00:45:14,MSFT,BUY,150,320.05,T014
2026-01-03 06:51:54,AAPL,BUY,100,178.61,T011
2026-01-03 03:59:30,NVDA,BUY,50,407.19,T017
2026-01-01 14:41:38,INTC,BUY,150,21.51,T001
2026-01-03 12:21:08,MSFT,SELL,100,344.09,T001
2026-01-03 15:47:45,AMZN,SELL,150,161.56,T014
2026-01-03 08:45:15,INTC,SELL,150,39.14,T004
2026-01-02 04:15:01,TSLA,BUY,50,282.64,T009
2026-01-01 23:32:54,NFLX,BUY,150,546.91,T015
2026-01-03 09:39:17,NVDA,SELL,200,439.21,T014
2026-01-03 10:10:10,AAPL,BUY,100,171.83,T007
2026-01-01 12:31:40,INTC,SELL,50,49.46,T001
2026-01-01 14:35:48,NFLX,BUY,500,525.26,T001
2026-01-02 08:26:56,META,SELL,50,200.8,T012
